,GFS Run Time,GFS Order Time,GFS 2m Temperature Value
0,1593669600,1593712800,72.52641113281254
1,1593648000,1593712800,71.93358886718754
2,1593453600,1593712800,71.41118896484379
3,1593410400,1593712800,71.33977783203129
4,1593583200,1593712800,70.86472900390629
5,1593604800,1593712800,71.1653149414063
6,1593367200,1593712800,72.23000000000005
7,1593496800,1593712800,71.51231811523442
8,1593626400,1593712800,70.61001098632816
9,1593324000,1593712800,72.98476074218755
10,1593345600,1593712800,72.26762817382817
11,1593432000,1593712800,71.86997802734379
12,1593280800,1593712800,72.04998901367192
13,1593302400,1593712800,72.41001098632816
14,1593518400,1593712800,71.71117065429692
15,1593561600,1593712800,71.87003295898441
16,1593388800,1593712800,72.04998901367192
17,1593475200,1593712800,71.6900219726563
18,1593691200,1593712800,72.23000000000005
19,1593540000,1593712800,71.6900219726563
20,1593691200,1593716400,74.39002197265629
21,1593648000,1593716400,73.84998901367192
22,1593669600,1593716400,74.39002197265629
23,1593604800,1593716400,73.14532592773442
24,1593367200,1593716400,74.38996704101567
25,1593432000,1593716400,74.21001098632817
26,1593345600,1593716400,74.21001098632817
27,1593302400,1593716400,74.5699780273438
28,1593496800,1593716400,73.67003295898442
29,1593583200,1593716400,73.21118896484379
30,1593453600,1593716400,73.67003295898442
31,1593410400,1593716400,73.67003295898442
32,1593324000,1593716400,74.93000000000004
33,1593518400,1593716400,73.84998901367192
34,1593388800,1593716400,74.21001098632817
35,1593475200,1593716400,73.89558227539067
36,1593626400,1593716400,72.96531494140629
37,1593561600,1593716400,73.81708496093754
38,1593540000,1593716400,73.48996704101566
39,1593648000,1593720000,75.46920898437504
40,1593669600,1593720000,75.56814086914066
41,1593367200,1593720000,75.75435913085941
42,1593496800,1593720000,75.05941894531254
43,1593583200,1593720000,74.74998901367192
44,1593604800,1593720000,74.93000000000004
45,1593324000,1593720000,76.54998901367192
46,1593410400,1593720000,75.64998901367191
47,1593388800,1593720000,75.86477172851566
48,1593432000,1593720000,75.64998901367191
49,1593475200,1593720000,75.18471801757816
50,1593345600,1593720000,75.28996704101567
51,1593302400,1593720000,75.92805297851567
52,1593453600,1593720000,75.47003295898442
53,1593518400,1593720000,75.64998901367191
54,1593561600,1593720000,75.83000000000004
55,1593540000,1593720000,75.46997802734379
56,1593626400,1593720000,74.21001098632817
57,1593691200,1593720000,75.72656372070317
58,1593691200,1593723600,76.82162597656254
59,1593669600,1593723600,77.00597656250004
60,1593648000,1593723600,76.68841674804692
61,1593540000,1593723600,77.36187866210942
62,1593324000,1593723600,78.16997802734379
63,1593432000,1593723600,77.2699780273438
64,1593367200,1593723600,75.01717651367191
65,1593302400,1593723600,77.47646606445316
66,1593604800,1593723600,76.36997802734379
67,1593345600,1593723600,76.38343627929692
68,1593388800,1593723600,77.51964233398442
69,1593496800,1593723600,76.24061401367192
70,1593518400,1593723600,77.63000000000004
71,1593453600,1593723600,76.91654785156254
72,1593410400,1593723600,77.54798706054692
73,1593626400,1593723600,76.37003295898441
74,1593583200,1593723600,76.19232910156254
75,1593475200,1593723600,76.56690795898442
76,1593561600,1593723600,77.08590209960941
77,1593669600,1593727200,77.07727783203129
78,1593648000,1593727200,76.95538452148442
79,1593302400,1593727200,77.01531494140629
80,1593604800,1593727200,77.47646606445316
81,1593518400,1593727200,77.0891430664063
82,1593561600,1593727200,76.91308715820317
83,1593475200,1593727200,77.17664916992192
84,1593496800,1593727200,74.38996704101567
85,1593583200,1593727200,76.57179687500005
86,1593626400,1593727200,76.66869628906254
87,1593410400,1593727200,76.90995605468754
88,1593345600,1593727200,76.02066772460941
89,1593432000,1593727200,77.81001098632817
90,1593367200,1593727200,74.0547192382813
91,1593388800,1593727200,77.13006713867192
92,1593540000,1593727200,76.90995605468754
93,1593691200,1593727200,77.33644531250005
94,1593324000,1593727200,76.91001098632816
95,1593453600,1593727200,77.89163940429691
96,1593691200,1593730800,76.40672729492192
97,1593669600,1593730800,76.22402465820316
98,1593648000,1593730800,75.92717407226567
99,1593604800,1593730800,74.41182983398441
100,1593583200,1593730800,74.32811401367192
101,1593388800,1593730800,74.5699780273438
102,1593496800,1593730800,71.68765991210941
103,1593518400,1593730800,74.9276928710938
104,1593453600,1593730800,74.03005493164066
105,1593626400,1593730800,75.62043579101567
106,1593345600,1593730800,75.64998901367191
107,1593367200,1593730800,73.31231811523442
108,1593432000,1593730800,75.63526733398442
109,1593302400,1593730800,74.48126342773442
110,1593324000,1593730800,75.57396362304692
111,1593410400,1593730800,73.84998901367192
112,1593475200,1593730800,75.39422729492192
113,1593561600,1593730800,71.68996704101566
114,1593540000,1593730800,73.67003295898442
115,1593691200,1593734400,73.54127319335942
116,1593669600,1593734400,71.99296997070317
117,1593496800,1593734400,69.53236206054692
118,1593388800,1593734400,72.23000000000005
119,1593367200,1593734400,71.55357177734379
120,1593453600,1593734400,71.6750805664063
121,1593475200,1593734400,71.42041748046879
122,1593648000,1593734400,73.1999829101563
123,1593302400,1593734400,71.33000000000004
124,1593345600,1593734400,72.94998901367191
125,1593410400,1593734400,71.64085815429692
126,1593432000,1593734400,72.77003295898442
127,1593583200,1593734400,69.77537963867192
128,1593518400,1593734400,70.61325195312504
129,1593561600,1593734400,70.07003295898441
130,1593604800,1593734400,70.07931640625004
131,1593324000,1593734400,73.28452270507816
132,1593626400,1593734400,72.78892944335942
133,1593540000,1593734400,71.22936523437504
134,1593691200,1593738000,69.47171752929691
135,1593669600,1593738000,68.3209545898438
136,1593648000,1593738000,68.96250122070316
137,1593496800,1593738000,67.64491088867192
138,1593367200,1593738000,69.17003295898442
139,1593583200,1593738000,67.43309448242192
140,1593626400,1593738000,69.16432006835942
141,1593604800,1593738000,67.47121704101566
142,1593324000,1593738000,70.82193725585941
143,1593540000,1593738000,68.62555053710942
144,1593453600,1593738000,69.53000000000004
145,1593388800,1593738000,69.88996704101567
146,1593432000,1593738000,69.90205200195317
147,1593345600,1593738000,69.90062377929692
148,1593475200,1593738000,69.49967773437504
149,1593561600,1593738000,68.27228515625004
150,1593518400,1593738000,67.54998901367192
151,1593410400,1593738000,69.17003295898442
152,1593691200,1593741600,67.27401245117191
153,1593388800,1593741600,67.91001098632816
154,1593475200,1593741600,67.01231811523442
155,1593496800,1593741600,65.93000000000004
156,1593669600,1593741600,67.3152661132813
157,1593648000,1593741600,67.1603588867188
158,1593604800,1593741600,66.48629272460941
159,1593345600,1593741600,67.76751831054692
160,1593540000,1593741600,67.1900219726563
161,1593432000,1593741600,68.07508056640629
162,1593367200,1593741600,67.1900219726563
163,1593518400,1593741600,66.42411010742191
164,1593324000,1593741600,68.67389038085942
165,1593453600,1593741600,67.54998901367192
166,1593626400,1593741600,66.77204711914067
167,1593583200,1593741600,65.85117309570316
168,1593561600,1593741600,67.01001098632817
169,1593410400,1593741600,66.72469604492191
170,1593691200,1593745200,65.51707885742192
171,1593669600,1593745200,65.96290405273442
172,1593583200,1593745200,65.00357788085941
173,1593648000,1593745200,65.90912597656254
174,1593561600,1593745200,65.73900268554692
175,1593496800,1593745200,64.35587890625004
176,1593453600,1593745200,65.41106079101567
177,1593475200,1593745200,65.57239501953129
178,1593388800,1593745200,65.64007080078129
179,1593367200,1593745200,65.10003784179692
180,1593604800,1593745200,65.44638183593754
181,1593345600,1593745200,65.94065673828129
182,1593518400,1593745200,65.53009765625004
183,1593410400,1593745200,64.84998901367192
184,1593324000,1593745200,66.29002197265629
185,1593432000,1593745200,65.93000000000004
186,1593540000,1593745200,66.11468017578129
187,1593626400,1593745200,65.74998901367192
188,1593691200,1593748800,63.467030029296915
189,1593648000,1593748800,64.31001098632817
190,1593496800,1593748800,62.83009765625004
191,1593518400,1593748800,63.73009765625004
192,1593583200,1593748800,63.95383422851567
193,1593669600,1593748800,64.24409301757817
194,1593324000,1593748800,64.66997802734379
195,1593604800,1593748800,63.37760131835942
196,1593432000,1593748800,63.94339721679692
197,1593453600,1593748800,63.554920654296915
198,1593410400,1593748800,63.23000000000004
199,1593388800,1593748800,63.91016357421879
200,1593540000,1593748800,64.32165649414067
201,1593475200,1593748800,63.94998901367192
202,1593367200,1593748800,63.48746459960942
203,1593626400,1593748800,64.07298095703129
204,1593561600,1593748800,63.92356689453129
205,1593648000,1593752400,62.58471801757817
206,1593367200,1593752400,62.17179687500004
207,1593496800,1593752400,61.79002197265629
208,1593453600,1593752400,62.02057006835942
209,1593583200,1593752400,62.28275878906254
210,1593345600,1593752400,63.04998901367192
211,1593475200,1593752400,62.14998901367191
212,1593324000,1593752400,63.872755126953166
213,1593669600,1593752400,62.74698608398442
214,1593410400,1593752400,61.86472900390629
215,1593432000,1593752400,62.51001098632817
216,1593388800,1593752400,62.900135498046915
217,1593540000,1593752400,62.161634521484416
218,1593518400,1593752400,62.33697631835942
219,1593604800,1593752400,62.14998901367191
220,1593626400,1593752400,62.591199951171916
221,1593691200,1593752400,62.03523681640629
222,1593561600,1593752400,62.33236206054691
223,1593691200,1593756000,61.27844360351567
224,1593669600,1593756000,61.37298095703129
225,1593648000,1593756000,61.49591796875004
226,1593453600,1593756000,60.913972167968794
227,1593583200,1593756000,61.09645507812504
228,1593388800,1593756000,61.97003295898442
229,1593345600,1593756000,61.249989013671915
230,1593626400,1593756000,61.37298095703129
231,1593475200,1593756000,60.75384643554692
232,1593432000,1593756000,61.68021362304692
233,1593496800,1593756000,60.710010986328165
234,1593367200,1593756000,60.89002197265629
235,1593324000,1593756000,61.96997802734379
236,1593410400,1593756000,60.784718017578165
237,1593518400,1593756000,61.22823608398441
238,1593604800,1593756000,61.249989013671915
239,1593540000,1593756000,60.53230712890629
240,1593561600,1593756000,61.09645507812504
241,1593669600,1593759600,60.43200195312504
242,1593648000,1593759600,60.170032958984415
243,1593540000,1593759600,59.987659912109415
244,1593583200,1593759600,60.32356689453129
245,1593345600,1593759600,59.990021972656294
246,1593518400,1593759600,60.57592285156254
247,1593367200,1593759600,59.96354492187504
248,1593475200,1593759600,59.810010986328166
249,1593453600,1593759600,59.99007690429691
250,1593388800,1593759600,60.39591186523442
251,1593410400,1593759600,59.94690063476567
252,1593496800,1593759600,60.08186767578129
253,1593604800,1593759600,60.677052001953165
254,1593626400,1593759600,60.710010986328165
255,1593432000,1593759600,60.40058105468754
256,1593561600,1593759600,59.93459594726566
257,1593691200,1593759600,59.93734252929691
258,1593669600,1593763200,59.548756103515665
259,1593648000,1593763200,59.49827392578129
260,1593367200,1593763200,59.191151123046915
261,1593583200,1593763200,59.63747070312504
262,1593496800,1593763200,59.49300048828129
263,1593432000,1593763200,59.344739990234416
264,1593475200,1593763200,59.270032958984416
265,1593345600,1593763200,59.09002197265629
266,1593388800,1593763200,59.67592285156254
267,1593410400,1593763200,59.44998901367192
268,1593453600,1593763200,59.412855224609416
269,1593540000,1593763200,59.63236206054692
270,1593518400,1593763200,60.170032958984415
271,1593604800,1593763200,59.98996704101567
272,1593626400,1593763200,59.761671142578166
273,1593561600,1593763200,59.60171020507816
274,1593691200,1593763200,59.44998901367192
275,1593691200,1593766800,58.73000000000004
276,1593669600,1593766800,58.92989624023441
277,1593648000,1593766800,59.075959472656294
278,1593626400,1593766800,58.92758911132817
279,1593496800,1593766800,58.77592285156254
280,1593432000,1593766800,58.59871337890629
281,1593388800,1593766800,58.73000000000004
282,1593410400,1593766800,59.09002197265629
283,1593475200,1593766800,58.73000000000004
284,1593453600,1593766800,58.87941406250004
285,1593367200,1593766800,58.42057006835942
286,1593345600,1593766800,58.37003295898442
287,1593540000,1593766800,59.16939819335941
288,1593583200,1593766800,59.09002197265629
289,1593604800,1593766800,59.44998901367192
290,1593561600,1593766800,59.071564941406294
291,1593518400,1593766800,59.40412109375004
292,1593691200,1593770400,58.19425170898442
293,1593669600,1593770400,58.36997802734379
294,1593648000,1593770400,58.48187377929692
295,1593626400,1593770400,58.41397827148442
296,1593432000,1593770400,57.83000000000004
297,1593475200,1593770400,57.829945068359415
298,1593367200,1593770400,57.61944702148442
299,1593345600,1593770400,58.01001098632817
300,1593496800,1593770400,58.235889892578165
301,1593388800,1593770400,57.98820312500004
302,1593410400,1593770400,58.19002197265629
303,1593518400,1593770400,58.684132080078165
304,1593453600,1593770400,57.91904418945317
305,1593583200,1593770400,58.37003295898442
306,1593604800,1593770400,58.90297973632816
307,1593561600,1593770400,58.42057006835942
308,1593540000,1593770400,58.94439819335942
309,1593669600,1593774000,58.01001098632817
310,1593648000,1593774000,58.27774780273442
311,1593626400,1593774000,58.28192260742192
312,1593583200,1593774000,57.70058105468754
313,1593475200,1593774000,57.00470703125004
314,1593345600,1593774000,57.29002197265629
315,1593367200,1593774000,56.84326293945317
316,1593432000,1593774000,57.198780517578165
317,1593410400,1593774000,57.34061401367192
318,1593496800,1593774000,57.60412109375004
319,1593388800,1593774000,57.13181884765629
320,1593453600,1593774000,56.824696044921915
321,1593604800,1593774000,58.427052001953165
322,1593518400,1593774000,57.964143066406294
323,1593540000,1593774000,58.62266357421879
324,1593561600,1593774000,57.676466064453166
325,1593691200,1593774000,57.47591064453129
326,1593691200,1593777600,57.12528198242192
327,1593669600,1593777600,57.64998901367191
328,1593648000,1593777600,58.01880004882817
329,1593626400,1593777600,57.845325927734415
330,1593604800,1593777600,58.29532592773442
331,1593496800,1593777600,56.88407714843754
332,1593453600,1593777600,56.33948486328129
333,1593540000,1593777600,58.01363647460941
334,1593518400,1593777600,57.392689208984415
335,1593475200,1593777600,56.57003295898441
336,1593432000,1593777600,56.68522460937504
337,1593367200,1593777600,56.32652099609379
338,1593345600,1593777600,56.57003295898441
339,1593388800,1593777600,56.591785888671915
340,1593410400,1593777600,56.749989013671915
341,1593583200,1593777600,57.623566894531294
342,1593561600,1593777600,57.29007690429692
343,1593691200,1593781200,57.32946289062504
344,1593669600,1593781200,57.83878906250004
345,1593540000,1593781200,57.98820312500004
346,1593648000,1593781200,58.01001098632817
347,1593367200,1593781200,56.47115600585941
348,1593626400,1593781200,57.970570068359415
349,1593453600,1593781200,56.46472900390629
350,1593475200,1593781200,56.795911865234416
351,1593388800,1593781200,56.93000000000004
352,1593496800,1593781200,56.94159057617192
353,1593518400,1593781200,57.474866943359416
354,1593410400,1593781200,57.03530395507816
355,1593432000,1593781200,57.03530395507816
356,1593604800,1593781200,58.05483520507816
357,1593561600,1593781200,57.54935424804692
358,1593583200,1593781200,58.06291015625004
359,1593669600,1593784800,59.17340820312504
360,1593648000,1593784800,58.91001098632817
361,1593453600,1593784800,58.46885498046879
362,1593475200,1593784800,58.37003295898442
363,1593410400,1593784800,58.54499023437504
364,1593496800,1593784800,58.54998901367192
365,1593626400,1593784800,59.168958740234416
366,1593367200,1593784800,58.130750732421916
367,1593388800,1593784800,58.73000000000004
368,1593432000,1593784800,58.84530151367191
369,1593561600,1593784800,58.907703857421915
370,1593518400,1593784800,58.57196166992192
371,1593583200,1593784800,59.29645507812504
372,1593540000,1593784800,59.09002197265629
373,1593604800,1593784800,59.44998901367192
374,1593691200,1593784800,58.89473999023441
375,1593691200,1593788400,61.98876464843754
376,1593669600,1593788400,61.62528198242192
377,1593648000,1593788400,61.43878906250004
378,1593626400,1593788400,61.72410400390629
379,1593604800,1593788400,61.524647216796915
380,1593432000,1593788400,61.249989013671915
381,1593475200,1593788400,61.07003295898441
382,1593388800,1593788400,61.07003295898441
383,1593518400,1593788400,60.984119873046915
384,1593561600,1593788400,61.612318115234416
385,1593453600,1593788400,60.89002197265629
386,1593410400,1593788400,60.90765502929692
387,1593496800,1593788400,61.14007080078129
388,1593540000,1593788400,61.552442626953166
389,1593367200,1593788400,60.710010986328165
390,1593583200,1593788400,61.45636718750004
391,1593669600,1593792000,64.86756713867192
392,1593691200,1593792000,64.67882202148442
393,1593648000,1593792000,64.67003295898442
394,1593626400,1593792000,65.03878906250004
395,1593475200,1593792000,63.770032958984416
396,1593561600,1593792000,64.85229614257817
397,1593604800,1593792000,65.0806469726563
398,1593367200,1593792000,63.770032958984416
399,1593453600,1593792000,63.94998901367192
400,1593410400,1593792000,64.0039868164063
401,1593432000,1593792000,64.31001098632817
402,1593496800,1593792000,64.31281250000004
403,1593518400,1593792000,64.52770507812504
404,1593388800,1593792000,63.94998901367192
405,1593583200,1593792000,65.03000000000004
406,1593540000,1593792000,64.44415405273442
407,1593669600,1593795600,67.55877807617192
408,1593648000,1593795600,67.58289306640629
409,1593626400,1593795600,67.93731201171879
410,1593432000,1593795600,67.0406079101563
411,1593496800,1593795600,67.1900219726563
412,1593388800,1593795600,66.83000000000004
413,1593367200,1593795600,66.34709594726567
414,1593475200,1593795600,67.00995605468754
415,1593518400,1593795600,67.39129150390629
416,1593410400,1593795600,66.83000000000004
417,1593453600,1593795600,66.73370483398442
418,1593540000,1593795600,67.42853515625004
419,1593583200,1593795600,68.0946362304688
420,1593561600,1593795600,67.55465820312504
421,1593691200,1593795600,67.73000000000005
422,1593604800,1593795600,67.93648803710941
423,1593669600,1593799200,70.28294799804692
424,1593648000,1593799200,70.13584106445316
425,1593626400,1593799200,70.57941406250004
426,1593583200,1593799200,70.35897338867191
427,1593410400,1593799200,69.98461425781254
428,1593475200,1593799200,69.78471801757817
429,1593496800,1593799200,69.77389648437504
430,1593518400,1593799200,70.10299194335941
431,1593432000,1593799200,69.80438354492192
432,1593367200,1593799200,69.66562622070316
433,1593453600,1593799200,69.71001098632817
434,1593540000,1593799200,70.1391918945313
435,1593604800,1593799200,70.7935375976563
436,1593691200,1593799200,70.43000000000004
437,1593388800,1593799200,69.65941894531254
438,1593561600,1593799200,70.31541259765629
439,1593691200,1593802800,73.13659179687504
440,1593669600,1593802800,72.64704101562504
441,1593648000,1593802800,72.50647094726567
442,1593583200,1593802800,72.81359375000004
443,1593540000,1593802800,72.33997314453129
444,1593432000,1593802800,73.20470703125004
445,1593518400,1593802800,72.59002197265629
446,1593410400,1593802800,73.76885498046879
447,1593475200,1593802800,72.59002197265629
448,1593496800,1593802800,72.58996704101567
449,1593388800,1593802800,73.45294311523442
450,1593453600,1593802800,72.77003295898442
451,1593561600,1593802800,72.63358276367191
452,1593626400,1593802800,72.76261718750004
453,1593604800,1593802800,72.94998901367191
454,1593669600,1593806400,74.89709594726567
455,1593648000,1593806400,73.23305175781255
456,1593475200,1593806400,74.93000000000004
457,1593432000,1593806400,75.05941894531254
458,1593604800,1593806400,75.29469116210942
459,1593496800,1593806400,75.11001098632816
460,1593583200,1593806400,74.85128295898441
461,1593410400,1593806400,73.90415161132816
462,1593453600,1593806400,74.92994506835942
463,1593388800,1593806400,73.84998901367192
464,1593540000,1593806400,75.21998413085942
465,1593626400,1593806400,74.64473999023441
466,1593518400,1593806400,74.92994506835942
467,1593561600,1593806400,75.50035522460942
468,1593691200,1593806400,75.11001098632816
469,1593669600,1593810000,72.23000000000005
470,1593691200,1593810000,74.03000000000004
471,1593648000,1593810000,71.23112304687504
472,1593583200,1593810000,74.70714233398442
473,1593626400,1593810000,72.10058105468754
474,1593475200,1593810000,74.96955078125004
475,1593496800,1593810000,73.48996704101566
476,1593410400,1593810000,73.75116699218754
477,1593432000,1593810000,73.50765502929691
478,1593453600,1593810000,74.21001098632817
479,1593388800,1593810000,74.02994506835941
480,1593518400,1593810000,75.11001098632816
481,1593604800,1593810000,72.05174682617192
482,1593561600,1593810000,73.58181274414066
483,1593540000,1593810000,76.01001098632817
484,1593626400,1593813600,72.51976440429692
485,1593648000,1593813600,70.77096069335941
486,1593669600,1593813600,71.14998901367191
487,1593475200,1593813600,72.23000000000005
488,1593561600,1593813600,72.77003295898442
489,1593604800,1593813600,71.87464721679692
490,1593518400,1593813600,72.04998901367192
491,1593432000,1593813600,72.60985229492192
492,1593496800,1593813600,72.23000000000005
493,1593540000,1593813600,74.57003295898441
494,1593410400,1593813600,72.33283203125004
495,1593453600,1593813600,71.92913940429692
496,1593583200,1593813600,73.44409912109379
497,1593388800,1593813600,72.22994506835941
498,1593691200,1593813600,72.59002197265629
499,1593669600,1593817200,70.50470703125004
500,1593691200,1593817200,71.32994506835942
501,1593648000,1593817200,70.17989624023441
502,1593583200,1593817200,72.33997314453129
503,1593410400,1593817200,70.43000000000004
504,1593475200,1593817200,70.60995605468754
505,1593496800,1593817200,70.61001098632816
506,1593388800,1593817200,70.61001098632816
507,1593453600,1593817200,70.0699780273438
508,1593432000,1593817200,70.59935424804692
509,1593626400,1593817200,70.97003295898442
510,1593518400,1593817200,70.92026489257816
511,1593540000,1593817200,71.33000000000004
512,1593561600,1593817200,71.60130737304692
513,1593604800,1593817200,71.07127197265629
514,1593669600,1593820800,69.26885498046879
515,1593691200,1593820800,70.43000000000004
516,1593648000,1593820800,67.91001098632816
517,1593475200,1593820800,67.73000000000005
518,1593561600,1593820800,69.6399731445313
519,1593496800,1593820800,68.9900219726563
520,1593410400,1593820800,68.14061401367192
521,1593518400,1593820800,69.34998901367192
522,1593604800,1593820800,69.75587890625005
523,1593540000,1593820800,68.80995605468755
524,1593626400,1593820800,69.26890991210942
525,1593453600,1593820800,66.82994506835942
526,1593432000,1593820800,68.68059204101567
527,1593583200,1593820800,70.43000000000004
528,1593388800,1593820800,68.81001098632817
529,1593691200,1593824400,67.91001098632816
530,1593669600,1593824400,67.37003295898441
531,1593648000,1593824400,65.74998901367192
532,1593604800,1593824400,67.86408813476567
533,1593626400,1593824400,67.34641235351566
534,1593432000,1593824400,66.77946289062504
535,1593475200,1593824400,65.92994506835942
536,1593518400,1593824400,65.93000000000004
537,1593496800,1593824400,67.54998901367192
538,1593453600,1593824400,65.74998901367192
539,1593540000,1593824400,66.3638500976563
540,1593561600,1593824400,67.15272338867192
541,1593583200,1593824400,67.27033203125004
542,1593410400,1593824400,65.53630493164067
543,1593691200,1593828000,65.85424926757817
544,1593669600,1593828000,65.57003295898441
545,1593540000,1593828000,65.21001098632817
546,1593475200,1593828000,64.12994506835942
547,1593626400,1593828000,65.57343872070317
548,1593496800,1593828000,65.38996704101567
549,1593648000,1593828000,63.08986938476566
550,1593453600,1593828000,63.59002197265629
551,1593561600,1593828000,65.21001098632817
552,1593432000,1593828000,63.59002197265629
553,1593410400,1593828000,64.27941406250004
554,1593518400,1593828000,65.57003295898441
555,1593583200,1593828000,65.57003295898441
556,1593604800,1593828000,65.87325561523441
557,1593669600,1593831600,63.94998901367192
558,1593691200,1593831600,63.94998901367192
559,1593475200,1593831600,61.79002197265629
560,1593604800,1593831600,64.67003295898442
561,1593583200,1593831600,63.872425537109415
562,1593432000,1593831600,61.48059204101567
563,1593453600,1593831600,61.144685058593794
564,1593496800,1593831600,63.94998901367192
565,1593518400,1593831600,64.31001098632817
566,1593410400,1593831600,63.23000000000004
567,1593561600,1593831600,63.94998901367192
568,1593648000,1593831600,61.79002197265629
569,1593540000,1593831600,64.58796508789067
570,1593626400,1593831600,63.59469116210941
571,1593669600,1593835200,62.25529296875004
572,1593691200,1593835200,61.97003295898442
573,1593475200,1593835200,61.07003295898441
574,1593626400,1593835200,61.791230468750044
575,1593561600,1593835200,61.97003295898442
576,1593583200,1593835200,61.70795410156254
577,1593496800,1593835200,61.429945068359416
578,1593518400,1593835200,62.51143920898441
579,1593410400,1593835200,61.79002197265629
580,1593432000,1593835200,60.34757202148442
581,1593648000,1593835200,61.48064697265629
582,1593453600,1593835200,59.63000000000004
583,1593540000,1593835200,62.68996704101566
584,1593604800,1593835200,62.61196411132816
585,1593669600,1593838800,60.499403076171916
586,1593691200,1593838800,60.710010986328165
587,1593432000,1593838800,59.140614013671915
588,1593540000,1593838800,60.612012939453166
589,1593475200,1593838800,59.80995605468754
590,1593496800,1593838800,59.85972412109379
591,1593453600,1593838800,59.40631835937504
592,1593410400,1593838800,59.55529296875004
593,1593626400,1593838800,60.532362060546916
594,1593648000,1593838800,60.349989013671916
595,1593518400,1593838800,60.70995605468754
596,1593561600,1593838800,60.16997802734379
597,1593583200,1593838800,60.349989013671916
598,1593604800,1593838800,60.530000000000044
599,1593691200,1593842400,59.80770385742191
600,1593669600,1593842400,59.63000000000004
601,1593432000,1593842400,58.78982055664066
602,1593626400,1593842400,59.57924316406254
603,1593604800,1593842400,59.38824584960942
604,1593496800,1593842400,58.90995605468754
605,1593561600,1593842400,59.44998901367192
606,1593475200,1593842400,58.57904785156254
607,1593518400,1593842400,59.27146118164067
608,1593410400,1593842400,58.46797607421879
609,1593648000,1593842400,59.320570068359416
610,1593583200,1593842400,59.71201293945317
611,1593540000,1593842400,59.712067871093794
612,1593453600,1593842400,59.123200683593794
613,1593691200,1593846000,59.270032958984416
614,1593669600,1593846000,59.09002197265629
615,1593648000,1593846000,58.91001098632817
616,1593583200,1593846000,59.44998901367192
617,1593453600,1593846000,58.45314453125004
618,1593432000,1593846000,58.00995605468754
619,1593496800,1593846000,58.54998901367192
620,1593540000,1593846000,59.44998901367192
621,1593518400,1593846000,58.73148315429692
622,1593475200,1593846000,57.84450195312504
623,1593561600,1593846000,58.82794311523442
624,1593604800,1593846000,58.91001098632817
625,1593626400,1593846000,59.13588989257816
626,1593648000,1593849600,58.37003295898442
627,1593691200,1593849600,58.54998901367192
628,1593669600,1593849600,58.73000000000004
629,1593604800,1593849600,58.72994506835941
630,1593583200,1593849600,59.270032958984416
631,1593561600,1593849600,58.54998901367192
632,1593432000,1593849600,57.208833007812544
633,1593496800,1593849600,58.37003295898442
634,1593475200,1593849600,57.84444702148441
635,1593453600,1593849600,57.81917846679691
636,1593518400,1593849600,58.54998901367192
637,1593626400,1593849600,58.896497802734416
638,1593540000,1593849600,59.26997802734379
639,1593691200,1593853200,57.83000000000004
640,1593669600,1593853200,58.369538574218794
641,1593604800,1593853200,58.54998901367192
642,1593496800,1593853200,57.64998901367191
643,1593648000,1593853200,58.18996704101566
644,1593475200,1593853200,57.47003295898442
645,1593518400,1593853200,58.19002197265629
646,1593561600,1593853200,58.36997802734379
647,1593540000,1593853200,58.51631591796879
648,1593432000,1593853200,56.749989013671915
649,1593453600,1593853200,57.046400146484416
650,1593626400,1593853200,58.37536132812504
651,1593583200,1593853200,58.96779907226566
652,1593691200,1593856800,57.62823608398442
653,1593669600,1593856800,58.01001098632817
654,1593648000,1593856800,57.83236206054691
655,1593583200,1593856800,58.36997802734379
656,1593453600,1593856800,56.569978027343794
657,1593475200,1593856800,57.12451293945317
658,1593432000,1593856800,56.33294799804692
659,1593604800,1593856800,58.19002197265629
660,1593540000,1593856800,58.04373901367192
661,1593518400,1593856800,57.64998901367191
662,1593496800,1593856800,57.15972412109379
663,1593626400,1593856800,57.66196411132817
664,1593561600,1593856800,58.09202392578129
665,1593691200,1593860400,57.47003295898442
666,1593604800,1593860400,57.64998901367191
667,1593583200,1593860400,57.838349609375044
668,1593496800,1593860400,56.749989013671915
669,1593432000,1593860400,56.104707031250044
670,1593648000,1593860400,57.29002197265629
671,1593518400,1593860400,57.08435791015629
672,1593475200,1593860400,56.40452392578129
673,1593561600,1593860400,57.73200195312504
674,1593453600,1593860400,56.030000000000044
675,1593669600,1593860400,57.64998901367191
676,1593626400,1593860400,57.29002197265629
677,1593540000,1593860400,57.64998901367191
678,1593691200,1593864000,57.34061401367192
679,1593669600,1593864000,57.29002197265629
680,1593604800,1593864000,57.109956054687544
681,1593626400,1593864000,57.11001098632816
682,1593453600,1593864000,55.43723266601567
683,1593432000,1593864000,55.849989013671916
684,1593648000,1593864000,56.93000000000004
685,1593496800,1593864000,56.39002197265629
686,1593475200,1593864000,56.030000000000044
687,1593518400,1593864000,56.749989013671915
688,1593540000,1593864000,57.679047851562544
689,1593583200,1593864000,57.289967041015665
690,1593561600,1593864000,57.37203491210941
691,1593691200,1593867600,57.88059204101567
692,1593669600,1593867600,57.829945068359415
693,1593648000,1593867600,57.19202392578129
694,1593604800,1593867600,57.56797607421879
695,1593583200,1593867600,57.64998901367191
696,1593453600,1593867600,55.553577880859415
697,1593626400,1593867600,57.829945068359415
698,1593496800,1593867600,56.749989013671915
699,1593475200,1593867600,56.030000000000044
700,1593518400,1593867600,57.11001098632816
701,1593561600,1593867600,57.46997802734379
702,1593540000,1593867600,57.82033203125004
703,1593691200,1593871200,59.44998901367192
704,1593669600,1593871200,59.70388305664066
705,1593604800,1593871200,58.69632690429692
706,1593583200,1593871200,59.09002197265629
707,1593561600,1593871200,58.36997802734379
708,1593496800,1593871200,58.54998901367192
709,1593475200,1593871200,57.29002197265629
710,1593453600,1593871200,57.417188720703166
711,1593648000,1593871200,58.72994506835941
712,1593518400,1593871200,58.54998901367192
713,1593626400,1593871200,59.343861083984415
714,1593540000,1593871200,59.27964599609379
715,1593691200,1593874800,61.96997802734379
716,1593669600,1593874800,62.33000000000004
717,1593604800,1593874800,61.249989013671915
718,1593626400,1593874800,61.609956054687544
719,1593496800,1593874800,61.27899291992192
720,1593453600,1593874800,59.818800048828166
721,1593475200,1593874800,59.270032958984416
722,1593518400,1593874800,60.70995605468754
723,1593540000,1593874800,62.12406127929692
724,1593583200,1593874800,61.44450195312504
725,1593648000,1593874800,61.069978027343794
726,1593561600,1593874800,60.710010986328165
727,1593691200,1593878400,64.8756420898438
728,1593669600,1593878400,65.03000000000004
729,1593604800,1593878400,64.30995605468755
730,1593583200,1593878400,64.48996704101566
731,1593475200,1593878400,61.81644409179692
732,1593518400,1593878400,63.41149414062504
733,1593453600,1593878400,62.51001098632817
734,1593648000,1593878400,64.13000000000004
735,1593496800,1593878400,64.14450195312504
736,1593540000,1593878400,65.05905883789066
737,1593561600,1593878400,63.85852783203129
738,1593626400,1593878400,64.31001098632817
739,1593691200,1593882000,67.91001098632816
740,1593669600,1593882000,67.54998901367192
741,1593604800,1593882000,67.37003295898441
742,1593453600,1593882000,65.28455322265629
743,1593583200,1593882000,67.75905883789066
744,1593540000,1593882000,67.74450195312504
745,1593475200,1593882000,65.93000000000004
746,1593626400,1593882000,67.21562011718754
747,1593561600,1593882000,66.28996704101567
748,1593518400,1593882000,66.83000000000004
749,1593496800,1593882000,66.82994506835942
750,1593648000,1593882000,67.01001098632817
751,1593691200,1593885600,70.61001098632816
752,1593669600,1593885600,70.09563110351567
753,1593648000,1593885600,69.52994506835941
754,1593604800,1593885600,69.54450195312504
755,1593496800,1593885600,69.37904785156255
756,1593475200,1593885600,68.44998901367191
757,1593453600,1593885600,68.12946289062504
758,1593540000,1593885600,69.90452392578129
759,1593583200,1593885600,70.45905883789067
760,1593518400,1593885600,69.17003295898442
761,1593561600,1593885600,68.68778808593754
762,1593626400,1593885600,69.89145019531254
763,1593691200,1593889200,72.77146118164066
764,1593669600,1593889200,72.41001098632816
765,1593604800,1593889200,72.06449096679691
766,1593648000,1593889200,71.90376098632817
767,1593475200,1593889200,70.79002197265629
768,1593496800,1593889200,71.52451293945316
769,1593583200,1593889200,72.61902587890629
770,1593518400,1593889200,71.50995605468754
771,1593561600,1593889200,70.8045239257813
772,1593540000,1593889200,71.70452392578129
773,1593626400,1593889200,71.71265380859379
774,1593691200,1593892800,74.39002197265629
775,1593669600,1593892800,73.84998901367192
776,1593626400,1593892800,73.33264282226567
777,1593648000,1593892800,73.90783203125004
778,1593583200,1593892800,72.81353881835942
779,1593496800,1593892800,73.50452392578129
780,1593475200,1593892800,72.41001098632816
781,1593561600,1593892800,71.89903686523442
782,1593518400,1593892800,73.31001098632817
783,1593540000,1593892800,73.14928100585942
784,1593604800,1593892800,73.84998901367192
785,1593691200,1593896400,74.74998901367192
786,1593669600,1593896400,74.92994506835942
787,1593561600,1593896400,70.84813964843754
788,1593626400,1593896400,74.03000000000004
789,1593604800,1593896400,73.50452392578129
790,1593518400,1593896400,73.13000000000004
791,1593475200,1593896400,72.94998901367191
792,1593496800,1593896400,74.5699780273438
793,1593540000,1593896400,74.03961303710942
794,1593583200,1593896400,72.60930297851567
795,1593648000,1593896400,74.92994506835942
796,1593691200,1593900000,71.6673901367188
797,1593669600,1593900000,71.68996704101566
798,1593604800,1593900000,72.58996704101567
799,1593626400,1593900000,73.71683471679691
800,1593561600,1593900000,68.63000000000004
801,1593583200,1593900000,67.39898193359379
802,1593475200,1593900000,69.71001098632817
803,1593540000,1593900000,71.83630493164067
804,1593518400,1593900000,72.13722045898442
805,1593496800,1593900000,70.07003295898441
806,1593648000,1593900000,74.12794311523442
807,1593691200,1593903600,65.57003295898441
808,1593669600,1593903600,65.43682373046879
809,1593626400,1593903600,70.24998901367192
810,1593604800,1593903600,68.1045239257813
811,1593583200,1593903600,66.12923706054691
812,1593496800,1593903600,67.73000000000005
813,1593518400,1593903600,65.93000000000004
814,1593540000,1593903600,67.54998901367192
815,1593475200,1593903600,67.21182983398441
816,1593561600,1593903600,65.49609497070317
817,1593648000,1593903600,68.55611694335941
818,1593691200,1593907200,61.07003295898441
819,1593669600,1593907200,60.89002197265629
820,1593626400,1593907200,67.73000000000005
821,1593604800,1593907200,64.84998901367192
822,1593561600,1593907200,63.424512939453166
823,1593496800,1593907200,66.34698608398442
824,1593475200,1593907200,65.92994506835942
825,1593540000,1593907200,65.33217895507816
826,1593518400,1593907200,64.78643310546879
827,1593583200,1593907200,67.03890502929691
828,1593648000,1593907200,64.49145019531254
829,1593691200,1593910800,59.98996704101567
830,1593669600,1593910800,60.52994506835942
831,1593648000,1593910800,63.94998901367192
832,1593604800,1593910800,63.61908081054692
833,1593540000,1593910800,63.94998901367192
834,1593583200,1593910800,65.75965698242192
835,1593496800,1593910800,64.67003295898442
836,1593561600,1593910800,62.359058837890665
837,1593518400,1593910800,64.31001098632817
838,1593626400,1593910800,65.74998901367192
839,1593691200,1593914400,60.170032958984415
840,1593669600,1593914400,60.710010986328165
841,1593648000,1593914400,64.13148315429692
842,1593604800,1593914400,62.889313964843794
843,1593496800,1593914400,63.497242431640665
844,1593518400,1593914400,63.23000000000004
845,1593583200,1593914400,64.31001098632817
846,1593626400,1593914400,64.14450195312504
847,1593540000,1593914400,63.04998901367192
848,1593561600,1593914400,61.62923706054691
849,1593691200,1593918000,60.530000000000044
850,1593669600,1593918000,61.069978027343794
851,1593626400,1593918000,63.61710327148442
852,1593604800,1593918000,63.04998901367192
853,1593540000,1593918000,62.459199218750044
854,1593496800,1593918000,62.557691650390666
855,1593648000,1593918000,63.249281005859416
856,1593583200,1593918000,63.249281005859416
857,1593561600,1593918000,61.07003295898441
858,1593518400,1593918000,62.33000000000004
859,1593691200,1593921600,60.710010986328165
860,1593669600,1593921600,61.43000000000004
861,1593626400,1593921600,62.89898193359379
862,1593604800,1593921600,62.87003295898442
863,1593496800,1593921600,61.46883666992191
864,1593540000,1593921600,62.14998901367191
865,1593561600,1593921600,60.710010986328165
866,1593583200,1593921600,62.51001098632817
867,1593518400,1593921600,61.97003295898442
868,1593648000,1593921600,62.52929199218754
869,1593691200,1593925200,60.349989013671916
870,1593669600,1593925200,61.249989013671915
871,1593604800,1593925200,62.51001098632817
872,1593626400,1593925200,62.016834716796915
873,1593583200,1593925200,61.61001098632816
874,1593561600,1593925200,60.170032958984415
875,1593496800,1593925200,61.258778076171915
876,1593518400,1593925200,61.249989013671915
877,1593648000,1593925200,62.169324951171916
878,1593540000,1593925200,61.43000000000004
879,1593691200,1593928800,60.170032958984415
880,1593669600,1593928800,61.07003295898441
881,1593604800,1593928800,62.42794311523441
882,1593518400,1593928800,60.52994506835942
883,1593561600,1593928800,59.990021972656294
884,1593626400,1593928800,61.43000000000004
885,1593540000,1593928800,60.32735717773441
886,1593583200,1593928800,60.93682373046879
887,1593496800,1593928800,60.89881103515629
888,1593648000,1593928800,61.62929199218754
889,1593669600,1593932400,60.89002197265629
890,1593583200,1593932400,60.75681274414067
891,1593604800,1593932400,61.75777709960941
892,1593561600,1593932400,59.99145019531254
893,1593518400,1593932400,59.99617431640629
894,1593691200,1593932400,60.03682373046879
895,1593540000,1593932400,60.35152709960941
896,1593648000,1593932400,61.098927001953165
897,1593626400,1593932400,60.89002197265629
898,1593669600,1593936000,60.698640136718794
899,1593626400,1593936000,60.19266479492192
900,1593604800,1593936000,61.069978027343794
901,1593691200,1593936000,59.810010986328166
902,1593540000,1593936000,60.349989013671916
903,1593561600,1593936000,60.01265380859379
904,1593583200,1593936000,60.20436523437504
905,1593518400,1593936000,59.63000000000004
906,1593648000,1593936000,60.558948974609415
907,1593669600,1593939600,60.473420410156294
908,1593691200,1593939600,59.63000000000004
909,1593648000,1593939600,60.05753295898442
910,1593604800,1593939600,60.711439208984416
911,1593518400,1593939600,58.91001098632817
912,1593583200,1593939600,60.03682373046879
913,1593540000,1593939600,60.25116699218754
914,1593626400,1593939600,59.83264282226567
915,1593561600,1593939600,59.99145019531254
916,1593691200,1593943200,59.427357177734415
917,1593648000,1593943200,59.649281005859415
918,1593583200,1593943200,59.810010986328166
919,1593604800,1593943200,60.349989013671916
920,1593626400,1593943200,59.29266479492192
921,1593518400,1593943200,58.780592041015666
922,1593540000,1593943200,59.98996704101567
923,1593561600,1593943200,59.652576904296915
924,1593669600,1593943200,59.88285034179692
925,1593691200,1593946800,59.26997802734379
926,1593669600,1593946800,59.42741210937504
927,1593648000,1593946800,59.11891601562504
928,1593604800,1593946800,60.170032958984415
929,1593583200,1593946800,59.44998901367192
930,1593561600,1593946800,59.29266479492192
931,1593518400,1593946800,58.48099487304692
932,1593540000,1593946800,59.63000000000004
933,1593626400,1593946800,59.135285644531294
934,1593669600,1593950400,59.177747802734416
935,1593648000,1593950400,58.744556884765665
936,1593626400,1593950400,58.73582275390629
937,1593604800,1593950400,59.63000000000004
938,1593583200,1593950400,59.09002197265629
939,1593561600,1593950400,58.88891723632817
940,1593540000,1593950400,58.90995605468754
941,1593518400,1593950400,58.18996704101566
942,1593691200,1593950400,58.97823608398441
943,1593691200,1593954000,59.26997802734379
944,1593669600,1593954000,59.717725830078166
945,1593648000,1593954000,59.270032958984416
946,1593604800,1593954000,60.16997802734379
947,1593540000,1593954000,58.90995605468754
948,1593561600,1593954000,59.44998901367192
949,1593626400,1593954000,59.26997802734379
950,1593583200,1593954000,59.44998901367192
951,1593669600,1593957600,61.69773681640629
952,1593648000,1593957600,61.249989013671915
953,1593626400,1593957600,61.278718261718794
954,1593604800,1593957600,62.14998901367191
955,1593583200,1593957600,61.836823730468794
956,1593540000,1593957600,61.069978027343794
957,1593561600,1593957600,61.79002197265629
958,1593691200,1593961200,64.4900219726563
959,1593669600,1593961200,64.65833251953129
960,1593626400,1593961200,64.10736816406254
961,1593604800,1593961200,65.10091674804691
962,1593648000,1593961200,64.4900219726563
963,1593540000,1593961200,64.21981323242191
964,1593561600,1593961200,64.84998901367192
965,1593583200,1593961200,64.53676879882816
966,1593691200,1593964800,67.73000000000005
967,1593669600,1593964800,67.91001098632816
968,1593648000,1593964800,67.71549804687504
969,1593626400,1593964800,67.50472534179691
970,1593604800,1593964800,68.08996704101567
971,1593583200,1593964800,67.41683471679691
972,1593540000,1593964800,67.54998901367192
973,1593561600,1593964800,67.95675781250004
974,1593691200,1593968400,70.61001098632816
975,1593669600,1593968400,70.87774780273442
976,1593626400,1593968400,70.22735717773442
977,1593604800,1593968400,70.43000000000004
978,1593561600,1593968400,70.60995605468754
979,1593648000,1593968400,70.40094116210942
980,1593540000,1593968400,70.79002197265629
981,1593583200,1593968400,70.11683471679692
